{
  "buy_hold": {
    "name": "Buy & Hold",
    "cagr": 0.5903562998409131,
    "sharpe": 1.0078592774423625,
    "sortino": 1.3380593786628725,
    "max_dd": -0.8340015186342197,
    "calmar": 0.7078599818471486,
    "win_rate": 0.5317422434367541,
    "final_equity": 2051229.046725407
  },
  "isp": {
    "name": "ISP",
    "cagr": 1.043952145709988,
    "sharpe": 0.655337737439564,
    "sortino": 3.2887599873151103,
    "max_dd": -0.0677223558333242,
    "calmar": 15.415177645020577,
    "win_rate": 0.0042959427207637235,
    "final_equity": 36512734.6
  },
  "ensemble_10ind": {
    "name": "10-Indicator Ensemble",
    "cagr": 2.6069045542109026,
    "sharpe": 3.038577832951526,
    "sortino": 3.5567051508198255,
    "max_dd": -0.2636083863273403,
    "calmar": 9.889308115462358,
    "win_rate": 0.3303102625298329,
    "final_equity": 24702920825.02947
  }
}