{
  "cagr": 1.3066096061879842,
  "sharpe": 0.7085572308009703,
  "sortino": 3.685065515522359,
  "max_drawdown": -0.0677223558333242,
  "calmar": 19.29362306006844,
  "omega": 135.79751434767036,
  "win_rate": 0.00502092050209205,
  "avg_trade_duration": 162.3684210526316,
  "trades_per_year": 2.8527196652719664,
  "final_equity": 36512734.6,
  "initial_equity": 9995.0,
  "total_return": 3652.100010005003,
  "years": 9.815195071868583
}